{
  "tick_count": 16900,
  "timestamp": "2026-04-12T20:03:48.249571",
  "subsystems": {
    "cortisol": 0.0,
    "oxytocin": 1.0,
    "dopamine": 0.4925440623706558,
    "inflammation": 0.14320448873797803,
    "gut_serotonin": 0.9938746184450079,
    "effort": 0.28622030363551965
  },
  "online": {
    "cortisol": true,
    "oxytocin": true,
    "dopamine": true,
    "inflammation": true,
    "gut_serotonin": true,
    "effort": true
  }
}