{
  "tick_count": 15262,
  "timestamp": "2026-04-12T09:28:07.648868",
  "subsystems": {
    "cortisol": 0.0,
    "oxytocin": 1.0,
    "dopamine": 0.4524411235592057,
    "inflammation": 0.19427116733924038,
    "gut_serotonin": 0.9466906632506185,
    "effort": 0.2535582209372292
  },
  "online": {
    "cortisol": true,
    "oxytocin": true,
    "dopamine": true,
    "inflammation": true,
    "gut_serotonin": true,
    "effort": true
  }
}