{
  "tick_count": 4077,
  "timestamp": "2026-04-12T08:55:03.164968",
  "subsystems": {
    "cortisol": 0.0,
    "oxytocin": 1.0,
    "dopamine": 0.4824904999283261,
    "inflammation": 0.16023511362854734,
    "gut_serotonin": 0.866982780514673,
    "effort": 0.22443203877794937
  },
  "online": {
    "cortisol": true,
    "oxytocin": true,
    "dopamine": true,
    "inflammation": true,
    "gut_serotonin": true,
    "effort": true
  }
}