{"timestamp": "2026-04-12T08:07:00.785392", "total_updates": 6, "word_valence": {"hi": 0.4753433498649426, "et": 0.4753433498649426, "the": 0.5, "swimmer": 0.5, "story": 0.5, "it's": 0.5, "on": 0.5, "repeat": 0.5, "what": 0.5, "do": 0.5235426117374999, "you": 0.52419289125, "think": 0.5, "about": 0.5, "like": 0.5228363333853749, "matthew": 0.522763091377125, "mantrell": 0.5, "he's": 0.5, "good": 0.5, "guy": 0.5}, "word_freq": {"hi": 1, "et": 1, "the": 1, "swimmer": 1, "story": 1, "it's": 1, "on": 1, "repeat": 1, "what": 1, "do": 2, "you": 2, "think": 1, "about": 1, "like": 2, "matthew": 2, "mantrell": 1, "he's": 1, "good": 1, "guy": 1}, "weights": {"hi": {"et": 0.18244266071272466}, "et": {"hi": 0.18244266071272466}, "the": {"swimmer": 0.18513644726466835, "story": 0.18513644726466835}, "swimmer": {"the": 0.18513644726466835, "story": 0.18513644726466835}, "story": {"the": 0.18513644726466835, "swimmer": 0.18513644726466835}, "it's": {"on": 0.18475024204866566, "repeat": 0.18475024204866566}, "on": {"it's": 0.18475024204866566, "repeat": 0.18475024204866566}, "repeat": {"it's": 0.18475024204866566, "on": 0.18475024204866566}, "what": {"do": 0.1891020750898571, "you": 0.1891020750898571, "think": 0.1891020750898571, "about": 0.1891020750898571}, "do": {"what": 0.1891020750898571, "you": 0.37449613905597334, "think": 0.1891020750898571, "about": 0.1891020750898571, "like": 0.1853940639661162, "matthew": 0.1853940639661162}, "you": {"what": 0.1891020750898571, "do": 0.37449613905597334, "think": 0.1891020750898571, "about": 0.1891020750898571, "like": 0.1853940639661162, "matthew": 0.1853940639661162}, "think": {"what": 0.1891020750898571, "do": 0.1891020750898571, "you": 0.1891020750898571, "about": 0.1891020750898571}, "about": {"what": 0.1891020750898571, "do": 0.1891020750898571, "you": 0.1891020750898571, "think": 0.1891020750898571}, "like": {"do": 0.1853940639661162, "you": 0.1853940639661162, "matthew": 0.3703720988239757, "mantrell": 0.1849780348578595, "he's": 0.1849780348578595, "good": 0.1849780348578595}, "matthew": {"do": 0.1853940639661162, "you": 0.1853940639661162, "like": 0.3703720988239757, "mantrell": 0.1849780348578595, "he's": 0.1849780348578595, "good": 0.1849780348578595, "guy": 0.1849780348578595}, "mantrell": {"like": 0.1849780348578595, "matthew": 0.1849780348578595, "he's": 0.1849780348578595, "good": 0.1849780348578595, "guy": 0.1849780348578595}, "he's": {"like": 0.1849780348578595, "matthew": 0.1849780348578595, "mantrell": 0.1849780348578595, "good": 0.1849780348578595, "guy": 0.1849780348578595}, "good": {"like": 0.1849780348578595, "matthew": 0.1849780348578595, "mantrell": 0.1849780348578595, "he's": 0.1849780348578595, "guy": 0.1849780348578595}, "guy": {"matthew": 0.1849780348578595, "mantrell": 0.1849780348578595, "he's": 0.1849780348578595, "good": 0.1849780348578595}}, "speak_pressure": 0.00013299705986046965}