{
  "tick_count": 136899,
  "W_ih": [
    [
      -0.05708447132078932,
      0.012818108316868346,
      -0.005549791056640028,
      -0.07258436535048889
    ],
    [
      -0.12007538371842602,
      -0.0159239999521103,
      0.047726429461840914,
      0.055426427327946795
    ],
    [
      0.12015053188345862,
      0.11949867235504051,
      -0.0674225576861585,
      -0.056696761642254324
    ],
    [
      -0.05514701859654511,
      0.03936135889467807,
      0.11056168798705904,
      -0.0017945215221141831
    ],
    [
      0.04764173935311412,
      -0.15445565462396726,
      0.060839068712921524,
      -0.04241963482585506
    ],
    [
      0.04496980027073931,
      0.0705227227832838,
      -0.16178958142579702,
      -0.05329097419973192
    ],
    [
      -0.24487360063560196,
      -0.037496559106191846,
      0.048631704124279945,
      0.09170487572800413
    ],
    [
      0.05022599855737786,
      -0.062440823127252826,
      -0.04198192597211544,
      -0.034036779762044056
    ]
  ],
  "W_hh": [
    [
      -0.045967575535450916,
      -0.08235963811613584,
      0.21252924446159402,
      -0.06166101029122564,
      0.17271155814363714,
      0.04685617902168079,
      -0.05186380580065269,
      0.06711347311108931
    ],
    [
      0.1714604829100218,
      0.018798982251239625,
      -0.050993476668215215,
      0.05445534770255476,
      0.06036251924350218,
      0.14021168556785077,
      -0.06501321035305282,
      0.056422528945759755
    ],
    [
      -0.11465870962543906,
      -0.061132539858685955,
      -0.14416170636114603,
      -0.0847826388057507,
      0.040075422975202175,
      -0.08011711816128102,
      0.07832043083040936,
      -0.045734867099448746
    ],
    [
      -0.07434438067986042,
      -0.16840099569455289,
      0.09934099024823544,
      0.052892283239735466,
      0.1613641644655639,
      0.03852961007954109,
      -0.07620756994176543,
      -0.10034284123634574
    ],
    [
      -0.05878204755558071,
      0.034570495660656224,
      0.03441756876047836,
      -0.022718761301099052,
      0.2183478223396859,
      0.0537882668717217,
      0.24162902915385,
      0.10120399973527178
    ],
    [
      0.08914410184912591,
      -0.0933402090062639,
      -0.006727048692075148,
      -0.01546479700061662,
      0.12669135124969685,
      0.12985825841530027,
      0.15137342617183938,
      0.08811137174256829
    ],
    [
      -0.04184200440033589,
      0.21076225867056508,
      0.19405701695874247,
      -0.05905776898329223,
      0.008873087006476021,
      0.17956113554288008,
      0.19205591224995489,
      0.2246596323933878
    ],
    [
      0.23115511468741828,
      -0.10919574669358201,
      -0.09330312535126903,
      -0.09559039521993687,
      -0.01884077608516037,
      -0.12966434060784884,
      -0.03162242390976966,
      -0.05980226698589888
    ]
  ],
  "W_ho": [
    [
      0.23485873381540634,
      0.03635889694958074,
      -0.1366241149419483,
      0.04596366563012921,
      -0.006061039388214722,
      -0.04682018608745081,
      0.11520922146623827,
      -0.055558842267752075
    ],
    [
      0.04280880381750543,
      -0.04296354293107524,
      -0.022296885698242633,
      0.06511544501993502,
      0.01866644079121794,
      -0.0024985343899562025,
      -0.005107783267010881,
      -0.07090131053661795
    ],
    [
      0.12501489021714562,
      -0.018634480290008196,
      0.02409911600531181,
      0.036293861963267296,
      0.0980790140813173,
      0.15466688339407356,
      -0.06195677797984414,
      -0.08797268649802122
    ],
    [
      -0.008810331083298338,
      0.05040778689651493,
      -0.12692892979049702,
      0.012910147663936545,
      -0.1551593915281567,
      -0.054447679321131426,
      -0.31994458378276636,
      0.16526041758115903
    ]
  ],
  "hidden": [
    -0.10281221843621001,
    -0.08193036089599601,
    0.04937428744853735,
    -0.03030048535412631,
    -0.024700276987640345,
    -0.05560344608877966,
    -0.1907167123862194,
    0.019300030580584746
  ],
  "hebbian_connections": {
    "((0.8, 0.0), (0.8, 0.2))": 0.19320000000001508,
    "((0.8, 0.2), (0.8, 0.2))": 0.9836000000000096,
    "((0.8, 0.0), (0.8, 0.0))": 1.0,
    "((0.8, 1.0), (0.8, 1.0))": 0.5032000000000154,
    "((0.8, 0.8), (0.8, 1.0))": 0.9835000000000096,
    "((0.8, 0.8), (0.8, 0.8))": 1.0,
    "((0.8, 0.6), (0.8, 0.8))": 0.29320000000001495,
    "((0.8, 0.4), (0.8, 0.6))": 0.10320000000001038,
    "((0.8, 0.4), (0.8, 0.4))": 0.4132000000000151,
    "((0.8, 0.2), (0.8, 0.4))": 0.15320000000001482,
    "((0.8, -0.2), (0.8, 0.0))": 1.0,
    "((0.8, -0.2), (0.8, -0.2))": 1.0,
    "((0.8, 0.6), (0.8, 0.6))": 0.10370000000001045,
    "((0.8, 0.2), (0.8, 0.6))": 0.01,
    "((0.8, 0.6), (0.8, 1.0))": 0.01
  },
  "svoq_patterns": {},
  "context": [
    {
      "signal": {
        "arousal": -0.08040165682807932,
        "fatigue": 0.09249039464685455,
        "temperature": -0.5415682025454275,
        "cc_bandwidth": 1.0,
        "valence": 0.9999999999999989,
        "emotional_memory": 0.9999999999998879,
        "approach_avoid": 0.9999999999999645,
        "connection": 1.0,
        "attunement": -0.9807875706842482,
        "trust": 0.16237400000002217,
        "protest": -0.005482349316075561,
        "repair": 0.0
      },
      "vector": [
        0.9999999999999989,
        -0.08040165682807932,
        0.0,
        1.0
      ],
      "prediction": [
        -0.05602401929687198,
        -0.004609411731470181,
        -0.012292581645132477,
        0.061894992848708266
      ],
      "surprise": 0.5205534632974761,
      "text": "",
      "tick": 136896
    },
    {
      "signal": {
        "arousal": -0.09231431771012256,
        "fatigue": 0.09249086222825544,
        "temperature": -0.5413335989337371,
        "cc_bandwidth": 1.0,
        "valence": 0.9999999999999989,
        "emotional_memory": 0.9999999999998879,
        "approach_avoid": 0.9999999999999645,
        "connection": 1.0,
        "attunement": -0.979806783113564,
        "trust": 0.16237400000002217,
        "protest": -0.005454937569495183,
        "repair": 0.0
      },
      "vector": [
        0.9999999999999989,
        -0.09231431771012256,
        0.0,
        1.0
      ],
      "prediction": [
        -0.05583947071943663,
        -0.004631296612269472,
        -0.012239334831859012,
        0.06161974355483102
      ],
      "surprise": 0.5235355207735791,
      "text": "",
      "tick": 136897
    },
    {
      "signal": {
        "arousal": -0.10361106486791,
        "fatigue": 0.09249099486235667,
        "temperature": -0.5406576646846828,
        "cc_bandwidth": 1.0,
        "valence": 0.9999999999999989,
        "emotional_memory": 0.9999999999998879,
        "approach_avoid": 0.9999999999999645,
        "connection": 1.0,
        "attunement": -0.9788269763304503,
        "trust": 0.16237400000002217,
        "protest": -0.005427662881647707,
        "repair": 0.0
      },
      "vector": [
        0.9999999999999989,
        -0.10361106486791,
        0.0,
        1.0
      ],
      "prediction": [
        -0.05566426943543082,
        -0.004651987344219708,
        -0.012188424958160266,
        0.061358093163127195
      ],
      "surprise": 0.5263634196885383,
      "text": "",
      "tick": 136898
    },
    {
      "signal": {
        "arousal": -0.11431237513450587,
        "fatigue": 0.09249110442414944,
        "temperature": -0.5396377532824718,
        "cc_bandwidth": 1.0,
        "valence": 0.9999999999999989,
        "emotional_memory": 0.9999999999998879,
        "approach_avoid": 0.9999999999999645,
        "connection": 1.0,
        "attunement": -0.9778481493541199,
        "trust": 0.16237400000002217,
        "protest": -0.005400524567239468,
        "repair": 0.0
      },
      "vector": [
        0.9999999999999989,
        -0.11431237513450587,
        0.0,
        1.0
      ],