{
  "tick_count": 440768,
  "W_ih": [
    [
      -0.05708447132078932,
      0.012818108316868346,
      -0.005549791056640028,
      -0.07258436535048889
    ],
    [
      -0.12007538371842602,
      -0.0159239999521103,
      0.047726429461840914,
      0.055426427327946795
    ],
    [
      0.12015053188345862,
      0.11949867235504051,
      -0.0674225576861585,
      -0.056696761642254324
    ],
    [
      -0.05514701859654511,
      0.03936135889467807,
      0.11056168798705904,
      -0.0017945215221141831
    ],
    [
      0.04764173935311412,
      -0.15445565462396726,
      0.060839068712921524,
      -0.04241963482585506
    ],
    [
      0.04496980027073931,
      0.0705227227832838,
      -0.16178958142579702,
      -0.05329097419973192
    ],
    [
      -0.24487360063560196,
      -0.037496559106191846,
      0.048631704124279945,
      0.09170487572800413
    ],
    [
      0.05022599855737786,
      -0.062440823127252826,
      -0.04198192597211544,
      -0.034036779762044056
    ]
  ],
  "W_hh": [
    [
      -0.045967575535450916,
      -0.08235963811613584,
      0.21252924446159402,
      -0.06166101029122564,
      0.17271155814363714,
      0.04685617902168079,
      -0.05186380580065269,
      0.06711347311108931
    ],
    [
      0.1714604829100218,
      0.018798982251239625,
      -0.050993476668215215,
      0.05445534770255476,
      0.06036251924350218,
      0.14021168556785077,
      -0.06501321035305282,
      0.056422528945759755
    ],
    [
      -0.11465870962543906,
      -0.061132539858685955,
      -0.14416170636114603,
      -0.0847826388057507,
      0.040075422975202175,
      -0.08011711816128102,
      0.07832043083040936,
      -0.045734867099448746
    ],
    [
      -0.07434438067986042,
      -0.16840099569455289,
      0.09934099024823544,
      0.052892283239735466,
      0.1613641644655639,
      0.03852961007954109,
      -0.07620756994176543,
      -0.10034284123634574
    ],
    [
      -0.05878204755558071,
      0.034570495660656224,
      0.03441756876047836,
      -0.022718761301099052,
      0.2183478223396859,
      0.0537882668717217,
      0.24162902915385,
      0.10120399973527178
    ],
    [
      0.08914410184912591,
      -0.0933402090062639,
      -0.006727048692075148,
      -0.01546479700061662,
      0.12669135124969685,
      0.12985825841530027,
      0.15137342617183938,
      0.08811137174256829
    ],
    [
      -0.04184200440033589,
      0.21076225867056508,
      0.19405701695874247,
      -0.05905776898329223,
      0.008873087006476021,
      0.17956113554288008,
      0.19205591224995489,
      0.2246596323933878
    ],
    [
      0.23115511468741828,
      -0.10919574669358201,
      -0.09330312535126903,
      -0.09559039521993687,
      -0.01884077608516037,
      -0.12966434060784884,
      -0.03162242390976966,
      -0.05980226698589888
    ]
  ],
  "W_ho": [
    [
      0.23485873381540634,
      0.03635889694958074,
      -0.1366241149419483,
      0.04596366563012921,
      -0.006061039388214722,
      -0.04682018608745081,
      0.11520922146623827,
      -0.055558842267752075
    ],
    [
      0.04280880381750543,
      -0.04296354293107524,
      -0.022296885698242633,
      0.06511544501993502,
      0.01866644079121794,
      -0.0024985343899562025,
      -0.005107783267010881,
      -0.07090131053661795
    ],
    [
      0.12501489021714562,
      -0.018634480290008196,
      0.02409911600531181,
      0.036293861963267296,
      0.0980790140813173,
      0.15466688339407356,
      -0.06195677797984414,
      -0.08797268649802122
    ],
    [
      -0.008810331083298338,
      0.05040778689651493,
      -0.12692892979049702,
      0.012910147663936545,
      -0.1551593915281567,
      -0.054447679321131426,
      -0.31994458378276636,
      0.16526041758115903
    ]
  ],
  "hidden": [
    -0.1019976550815482,
    -0.07376302267318971,
    0.04354812702833037,
    -0.028590552759819785,
    -0.027157944390862093,
    -0.05644449079274699,
    -0.16881803337333762,
    0.013611191251706043
  ],
  "hebbian_connections": {
    "((0.8, 0.2), (0.8, 0.2))": 0.6964000000000334,
    "((0.8, 0.0), (0.8, 0.0))": 1.0,
    "((0.8, 1.0), (0.8, 1.0))": 0.6093000000000492,
    "((0.8, 0.8), (0.8, 1.0))": 0.6963000000000334,
    "((0.8, 0.8), (0.8, 0.8))": 0.6963000000000334,
    "((0.8, 0.4), (0.8, 0.4))": 0.1193000000000478,
    "((0.8, -0.2), (0.8, 0.0))": 1.0,
    "((0.8, -0.2), (0.8, -0.2))": 1.0
  },
  "svoq_patterns": {},
  "context": [
    {
      "signal": {
        "arousal": -0.058133683720048124,
        "fatigue": 0.0923566040972067,
        "temperature": -0.5509777709837014,
        "cc_bandwidth": 1.0,
        "valence": 0.9173860855280408,
        "emotional_memory": 0.7574698954419784,
        "approach_avoid": 0.8627951219976763,
        "connection": 1.0,
        "attunement": -0.9895779599586079,
        "trust": 0.20696400000006646,
        "protest": -0.0057353374701453585,
        "repair": 0.0
      },
      "vector": [
        0.9173860855280408,
        -0.058133683720048124,
        0.0,
        1.0
      ],
      "prediction": [
        -0.05182872612040158,
        -0.004423658777344078,
        -0.013670603435947013,
        0.05560831865963122
      ],
      "surprise": 0.49524678034186553,
      "text": "",
      "tick": 440765
    },
    {
      "signal": {
        "arousal": -0.07193156043790942,
        "fatigue": 0.09235950024555431,
        "temperature": -0.5528530969591388,
        "cc_bandwidth": 1.0,
        "valence": 0.9177668865224059,
        "emotional_memory": 0.7574743348214692,
        "approach_avoid": 0.8631393219483987,
        "connection": 1.0,
        "attunement": -0.9885883819986493,
        "trust": 0.20696400000006646,
        "protest": -0.005706660782794632,
        "repair": 0.0
      },
      "vector": [
        0.9177668865224059,
        -0.07193156043790942,
        0.0,
        1.0
      ],
      "prediction": [
        -0.05163551660264095,
        -0.0044502636047104105,
        -0.013608460345774044,
        0.05533133878178854
      ],
      "surprise": 0.49879020538055785,
      "text": "",
      "tick": 440766
    },
    {
      "signal": {
        "arousal": -0.08507357112807495,
        "fatigue": 0.09236200647322196,
        "temperature": -0.5539890280508273,
        "cc_bandwidth": 1.0,
        "valence": 0.9179934999280329,
        "emotional_memory": 0.7574788848442571,
        "approach_avoid": 0.8634743116211238,
        "connection": 1.0,
        "attunement": -0.9875997936166506,
        "trust": 0.20696400000006646,
        "protest": -0.005678127478880659,
        "repair": 0.0
      },
      "vector": [
        0.9179934999280329,
        -0.08507357112807495,
        0.0,
        1.0
      ],
      "prediction": [
        -0.051443705650672876,
        -0.004475222626370977,
        -0.01355019916696514,
        0.0550537625360164
      ],
      "surprise": 0.5021329976778397,
      "text": "",
      "tick": 440767
    },
    {
      "signal": {
        "arousal": -0.09757460376225582,
        "fatigue": 0.09236415784400699,
        "temperature": -0.5545278782488039,
        "cc_bandwidth": 1.0,
        "valence": 0.9180861358556887,
        "emotional_memory": 0.7574834784552226,
        "approach_avoid": 0.863795862971845,
        "connection": 1.0,
        "attunement": -0.986612193823034,
        "trust": 0.20696400000006646,
        "protest": -0.0056497368414862555,
        "repair": 0.0
      },
      "vector": [
        0.9180861358556887,
        -0.09757460376225582,
        0.0,
        1.0
      ],
      "prediction": [
        -0.05125415025440837,
        -0.004498599676200659,
        -0.013495770360753822,
        0.05477777752646454
      ],
      "surprise": 0.5052835707576104,
      "text": "",
      "tick": 440768
    }
  ]
}