{
  "tick_count": 443302,
  "W_ih": [
    [
      -0.05708447132078932,
      0.012818108316868346,
      -0.005549791056640028,
      -0.07258436535048889
    ],
    [
      -0.12007538371842602,
      -0.0159239999521103,
      0.047726429461840914,
      0.055426427327946795
    ],
    [
      0.12015053188345862,
      0.11949867235504051,
      -0.0674225576861585,
      -0.056696761642254324
    ],
    [
      -0.05514701859654511,
      0.03936135889467807,
      0.11056168798705904,
      -0.0017945215221141831
    ],
    [
      0.04764173935311412,
      -0.15445565462396726,
      0.060839068712921524,
      -0.04241963482585506
    ],
    [
      0.04496980027073931,
      0.0705227227832838,
      -0.16178958142579702,
      -0.05329097419973192
    ],
    [
      -0.24487360063560196,
      -0.037496559106191846,
      0.048631704124279945,
      0.09170487572800413
    ],
    [
      0.05022599855737786,
      -0.062440823127252826,
      -0.04198192597211544,
      -0.034036779762044056
    ]
  ],
  "W_hh": [
    [
      -0.045967575535450916,
      -0.08235963811613584,
      0.21252924446159402,
      -0.06166101029122564,
      0.17271155814363714,
      0.04685617902168079,
      -0.05186380580065269,
      0.06711347311108931
    ],
    [
      0.1714604829100218,
      0.018798982251239625,
      -0.050993476668215215,
      0.05445534770255476,
      0.06036251924350218,
      0.14021168556785077,
      -0.06501321035305282,
      0.056422528945759755
    ],
    [
      -0.11465870962543906,
      -0.061132539858685955,
      -0.14416170636114603,
      -0.0847826388057507,
      0.040075422975202175,
      -0.08011711816128102,
      0.07832043083040936,
      -0.045734867099448746
    ],
    [
      -0.07434438067986042,
      -0.16840099569455289,
      0.09934099024823544,
      0.052892283239735466,
      0.1613641644655639,
      0.03852961007954109,
      -0.07620756994176543,
      -0.10034284123634574
    ],
    [
      -0.05878204755558071,
      0.034570495660656224,
      0.03441756876047836,
      -0.022718761301099052,
      0.2183478223396859,
      0.0537882668717217,
      0.24162902915385,
      0.10120399973527178
    ],
    [
      0.08914410184912591,
      -0.0933402090062639,
      -0.006727048692075148,
      -0.01546479700061662,
      0.12669135124969685,
      0.12985825841530027,
      0.15137342617183938,
      0.08811137174256829
    ],
    [
      -0.04184200440033589,
      0.21076225867056508,
      0.19405701695874247,
      -0.05905776898329223,
      0.008873087006476021,
      0.17956113554288008,
      0.19205591224995489,
      0.2246596323933878
    ],
    [
      0.23115511468741828,
      -0.10919574669358201,
      -0.09330312535126903,
      -0.09559039521993687,
      -0.01884077608516037,
      -0.12966434060784884,
      -0.03162242390976966,
      -0.05980226698589888
    ]
  ],
  "W_ho": [
    [
      0.23485873381540634,
      0.03635889694958074,
      -0.1366241149419483,
      0.04596366563012921,
      -0.006061039388214722,
      -0.04682018608745081,
      0.11520922146623827,
      -0.055558842267752075
    ],
    [
      0.04280880381750543,
      -0.04296354293107524,
      -0.022296885698242633,
      0.06511544501993502,
      0.01866644079121794,
      -0.0024985343899562025,
      -0.005107783267010881,
      -0.07090131053661795
    ],
    [
      0.12501489021714562,
      -0.018634480290008196,
      0.02409911600531181,
      0.036293861963267296,
      0.0980790140813173,
      0.15466688339407356,
      -0.06195677797984414,
      -0.08797268649802122
    ],
    [
      -0.008810331083298338,
      0.05040778689651493,
      -0.12692892979049702,
      0.012910147663936545,
      -0.1551593915281567,
      -0.054447679321131426,
      -0.31994458378276636,
      0.16526041758115903
    ]
  ],
  "hidden": [
    -0.10056292996768618,
    -0.06602080447638796,
    0.023793052669999978,
    -0.034582776751136336,
    0.016967012859383058,
    -0.06322254420275195,
    -0.1551761442919364,
    0.02606906338001545
  ],
  "hebbian_connections": {
    "((0.8, 0.2), (0.8, 0.2))": 0.9988000000000001,
    "((0.8, 0.0), (0.8, 0.0))": 0.9999,
    "((0.8, 1.0), (0.8, 1.0))": 0.9987000000000001,
    "((0.8, 0.8), (0.8, 1.0))": 0.9987000000000001,
    "((0.8, 0.8), (0.8, 0.8))": 0.9987000000000001,
    "((0.8, 0.4), (0.8, 0.4))": 0.25670000000004817,
    "((0.8, -0.2), (0.8, 0.0))": 0.9999,
    "((0.8, -0.2), (0.8, -0.2))": 1.0,
    "((0.8, 0.0), (0.8, 0.2))": 0.11739999999999991,
    "((0.8, 0.0), (0.8, 0.4))": 0.027500000000000014,
    "((0.8, 0.4), (0.8, 0.6))": 0.09749999999999992,
    "((0.8, 0.6), (0.8, 0.8))": 0.1475000000000001,
    "((0.8, 0.6), (0.8, 0.6))": 0.06749999999999995,
    "((0.8, 0.2), (0.8, 0.4))": 0.08749999999999994,
    "((0.8, 0.4), (0.8, 1.0))": 0.007500000000000012,
    "((0.8, 0.4), (0.8, 0.8))": 0.017600000000000015,
    "((0.8, -0.2), (0.8, 0.4))": 0.007800000000000013,
    "((0.8, 0.2), (0.8, 1.0))": 0.007800000000000013,
    "((0.8, 0.2), (0.8, 0.6))": 0.017800000000000014,
    "((0.8, 0.6), (0.8, 1.0))": 0.00850000000000001
  },
  "svoq_patterns": {},
  "context": [
    {
      "signal": {
        "arousal": -0.29367811405573624,
        "fatigue": 0.09199429093587891,
        "temperature": -0.5156261139049928,
        "cc_bandwidth": 1.0,
        "valence": 0.9031848824009808,
        "emotional_memory": 0.7608216959993377,
        "approach_avoid": 0.8636086470839094,
        "connection": 1.0,
        "attunement": -0.999,
        "trust": 0.20959400000006814,
        "protest": -0.004554290104921747,
        "repair": 0.0
      },
      "vector": [
        0.9031848824009808,
        -0.29367811405573624,
        0.0,
        1.0
      ],
      "prediction": [
        -0.047361263745241605,
        -0.0048282421605289685,
        -0.012821373971617934,
        0.04892294688338129
      ],
      "surprise": 0.5508236112824166,
      "text": "",
      "tick": 443299
    },
    {
      "signal": {
        "arousal": -0.29460400688937355,
        "fatigue": 0.09199355725744761,
        "temperature": -0.5152842227190801,
        "cc_bandwidth": 1.0,
        "valence": 0.9030031280659166,
        "emotional_memory": 0.7608167425868558,
        "approach_avoid": 0.8634455753508239,
        "connection": 1.0,
        "attunement": -0.999,
        "trust": 0.20959400000006814,
        "protest": -0.004531518654397139,
        "repair": 0.0
      },
      "vector": [
        0.9030031280659166,
        -0.29460400688937355,
        0.0,
        1.0
      ],
      "prediction": [
        -0.047336209839120076,
        -0.004829425363733384,
        -0.012819564089686701,
        0.048885711022843205
      ],
      "surprise": 0.5510119431243801,
      "text": "",
      "tick": 443300
    },
    {
      "signal": {
        "arousal": -0.29547394177202085,
        "fatigue": 0.09199289184365826,
        "temperature": -0.5149616687996166,
        "cc_bandwidth": 1.0,
        "valence": 0.9028543342226532,
        "emotional_memory": 0.7608117177492522,
        "approach_avoid": 0.8632853740473143,
        "connection": 1.0,
        "attunement": -0.999,
        "trust": 0.20959400000006814,
        "protest": -0.004508861061125153,
        "repair": 0.0
      },
      "vector": [
        0.9028543342226532,
        -0.29547394177202085,
        0.0,
        1.0
      ],
      "prediction": [
        -0.04731480909727802,
        -0.0048308778366109644,
        -0.012817691266021737,
        0.04885173998852996
      ],
      "surprise": 0.5511945396332082,
      "text": "",
      "tick": 443301
    },
    {
      "signal": {
        "arousal": -0.29629122648873624,
        "fatigue": 0.09199215251041054,
        "temperature": -0.5146560618507998,
        "cc_bandwidth": 1.0,
        "valence": 0.902688352741758,
        "emotional_memory": 0.7608066129355594,
        "approach_avoid": 0.8631272968849435,
        "connection": 1.0,