{
  "tick_count": 443358,
  "W_ih": [
    [
      -0.05708447132078932,
      0.012818108316868346,
      -0.005549791056640028,
      -0.07258436535048889
    ],
    [
      -0.12007538371842602,
      -0.0159239999521103,
      0.047726429461840914,
      0.055426427327946795
    ],
    [
      0.12015053188345862,
      0.11949867235504051,
      -0.0674225576861585,
      -0.056696761642254324
    ],
    [
      -0.05514701859654511,
      0.03936135889467807,
      0.11056168798705904,
      -0.0017945215221141831
    ],
    [
      0.04764173935311412,
      -0.15445565462396726,
      0.060839068712921524,
      -0.04241963482585506
    ],
    [
      0.04496980027073931,
      0.0705227227832838,
      -0.16178958142579702,
      -0.05329097419973192
    ],
    [
      -0.24487360063560196,
      -0.037496559106191846,
      0.048631704124279945,
      0.09170487572800413
    ],
    [
      0.05022599855737786,
      -0.062440823127252826,
      -0.04198192597211544,
      -0.034036779762044056
    ]
  ],
  "W_hh": [
    [
      -0.045967575535450916,
      -0.08235963811613584,
      0.21252924446159402,
      -0.06166101029122564,
      0.17271155814363714,
      0.04685617902168079,
      -0.05186380580065269,
      0.06711347311108931
    ],
    [
      0.1714604829100218,
      0.018798982251239625,
      -0.050993476668215215,
      0.05445534770255476,
      0.06036251924350218,
      0.14021168556785077,
      -0.06501321035305282,
      0.056422528945759755
    ],
    [
      -0.11465870962543906,
      -0.061132539858685955,
      -0.14416170636114603,
      -0.0847826388057507,
      0.040075422975202175,
      -0.08011711816128102,
      0.07832043083040936,
      -0.045734867099448746
    ],
    [
      -0.07434438067986042,
      -0.16840099569455289,
      0.09934099024823544,
      0.052892283239735466,
      0.1613641644655639,
      0.03852961007954109,
      -0.07620756994176543,
      -0.10034284123634574
    ],
    [
      -0.05878204755558071,
      0.034570495660656224,
      0.03441756876047836,
      -0.022718761301099052,
      0.2183478223396859,
      0.0537882668717217,
      0.24162902915385,
      0.10120399973527178
    ],
    [
      0.08914410184912591,
      -0.0933402090062639,
      -0.006727048692075148,
      -0.01546479700061662,
      0.12669135124969685,
      0.12985825841530027,
      0.15137342617183938,
      0.08811137174256829
    ],
    [
      -0.04184200440033589,
      0.21076225867056508,
      0.19405701695874247,
      -0.05905776898329223,
      0.008873087006476021,
      0.17956113554288008,
      0.19205591224995489,
      0.2246596323933878
    ],
    [
      0.23115511468741828,
      -0.10919574669358201,
      -0.09330312535126903,
      -0.09559039521993687,
      -0.01884077608516037,
      -0.12966434060784884,
      -0.03162242390976966,
      -0.05980226698589888
    ]
  ],
  "W_ho": [
    [
      0.23485873381540634,
      0.03635889694958074,
      -0.1366241149419483,
      0.04596366563012921,
      -0.006061039388214722,
      -0.04682018608745081,
      0.11520922146623827,
      -0.055558842267752075
    ],
    [
      0.04280880381750543,
      -0.04296354293107524,
      -0.022296885698242633,
      0.06511544501993502,
      0.01866644079121794,
      -0.0024985343899562025,
      -0.005107783267010881,
      -0.07090131053661795
    ],
    [
      0.12501489021714562,
      -0.018634480290008196,
      0.02409911600531181,
      0.036293861963267296,
      0.0980790140813173,
      0.15466688339407356,
      -0.06195677797984414,
      -0.08797268649802122
    ],
    [
      -0.008810331083298338,
      0.05040778689651493,
      -0.12692892979049702,
      0.012910147663936545,
      -0.1551593915281567,
      -0.054447679321131426,
      -0.31994458378276636,
      0.16526041758115903
    ]
  ],
  "hidden": [
    -0.0996609182899598,
    -0.057853906639795546,
    0.016267465079894166,
    -0.03378383717375322,
    0.020082161082929914,
    -0.06475162591100599,
    -0.13390054036739413,
    0.0225177644260656
  ],
  "hebbian_connections": {
    "((0.8, 0.2), (0.8, 0.2))": 0.9988000000000001,
    "((0.8, 0.0), (0.8, 0.0))": 1.0,
    "((0.8, 1.0), (0.8, 1.0))": 0.9987000000000001,
    "((0.8, 0.8), (0.8, 1.0))": 0.9987000000000001,
    "((0.8, 0.8), (0.8, 0.8))": 0.9987000000000001,
    "((0.8, 0.4), (0.8, 0.4))": 0.25670000000004817,
    "((0.8, -0.2), (0.8, 0.0))": 1.0,
    "((0.8, -0.2), (0.8, -0.2))": 1.0,
    "((0.8, 0.0), (0.8, 0.2))": 0.11739999999999991,
    "((0.8, 0.0), (0.8, 0.4))": 0.027500000000000014,
    "((0.8, 0.4), (0.8, 0.6))": 0.09749999999999992,
    "((0.8, 0.6), (0.8, 0.8))": 0.1475000000000001,
    "((0.8, 0.6), (0.8, 0.6))": 0.06749999999999995,
    "((0.8, 0.2), (0.8, 0.4))": 0.08749999999999994,
    "((0.8, 0.4), (0.8, 1.0))": 0.007500000000000012,
    "((0.8, 0.4), (0.8, 0.8))": 0.017600000000000015,
    "((0.8, -0.2), (0.8, 0.4))": 0.007800000000000013,
    "((0.8, 0.2), (0.8, 1.0))": 0.007800000000000013,
    "((0.8, 0.2), (0.8, 0.6))": 0.017800000000000014,
    "((0.8, 0.6), (0.8, 1.0))": 0.00850000000000001
  },
  "svoq_patterns": {},
  "context": [
    {
      "signal": {
        "arousal": -0.3018734607889626,
        "fatigue": 0.09138338544919261,
        "temperature": -0.5375244763152699,
        "cc_bandwidth": 1.0,
        "valence": 0.8304573239220023,
        "emotional_memory": 0.759362642088311,
        "approach_avoid": 0.8218998253891551,
        "connection": 1.0,
        "attunement": -0.999,
        "trust": 0.20960400000006815,
        "protest": -0.004623293335871294,
        "repair": 0.0
      },
      "vector": [
        0.8304573239220023,
        -0.3018734607889626,
        0.0,
        1.0
      ],
      "prediction": [
        -0.043196270766543816,
        -0.004717043905540098,
        -0.013928241103113182,
        0.04266672704948341
      ],
      "surprise": 0.5355178814063997,
      "text": "",
      "tick": 443355
    },
    {
      "signal": {
        "arousal": -0.30305374343879227,
        "fatigue": 0.09137200206374342,
        "temperature": -0.5370052576850669,
        "cc_bandwidth": 1.0,
        "valence": 0.8297463771036654,
        "emotional_memory": 0.7593219356597418,
        "approach_avoid": 0.8212357863532217,
        "connection": 1.0,
        "attunement": -0.999,
        "trust": 0.20960400000006815,
        "protest": -0.004600176869191937,
        "repair": 0.0
      },
      "vector": [
        0.8297463771036654,
        -0.30305374343879227,
        0.0,
        1.0
      ],
      "prediction": [
        -0.043138077909760764,
        -0.004717890966270423,
        -0.013933384600166186,
        0.04257787030884215
      ],
      "surprise": 0.535643955444318,
      "text": "",
      "tick": 443356
    },
    {
      "signal": {
        "arousal": -0.3041610232586421,
        "fatigue": 0.09136063006167967,
        "temperature": -0.536531386434079,
        "cc_bandwidth": 1.0,
        "valence": 0.8290421326892261,
        "emotional_memory": 0.7592809015307874,
        "approach_avoid": 0.8205796852026453,
        "connection": 1.0,
        "attunement": -0.999,
        "trust": 0.20960400000006815,
        "protest": -0.0045771759848459775,
        "repair": 0.0
      },
      "vector": [
        0.8290421326892261,
        -0.3041610232586421,
        0.0,
        1.0
      ],
      "prediction": [
        -0.043081412061480306,
        -0.004718620705843151,
        -0.013938787861583517,
        0.04249134666339538
      ],
      "surprise": 0.5357533471254233,
      "text": "",
      "tick": 443357
    },
    {
      "signal": {
        "arousal": -0.3052002192178758,
        "fatigue": 0.09134926943161799,
        "temperature": -0.5360998170265847,
        "cc_bandwidth": 1.0,
        "valence": 0.8283445203776417,
        "emotional_memory": 0.7592395432141028,
        "approach_avoid": 0.8199313523039421,
        "connection": 1.0,
        "attunement": -0.999,