{
  "tick_count": 167735,
  "timestamp": "2026-04-11T22:09:25.630102",
  "autonomic": {
    "arousal": -0.1159361151345061,
    "fatigue": 0.09250355819251001,
    "temperature": -0.49749587869355194
  },
  "limbic": {
    "valence": 1.0,
    "emotional_memory": 0.9999999999998879,
    "approach_avoid": 0.9999999999999645
  },
  "cortical": {
    "left": {
      "prediction": 1.0,
      "confidence": 1.0,
      "surprise": 0.6090850045297916,
      "soc_firing": false
    },
    "right": {
      "prediction": 1.0,
      "confidence": 1.0,
      "surprise": 0.06820853787881347,
      "soc_firing": false
    },
    "cc": {
      "left_to_right": 0.5561807763331335,
      "right_to_left": 0.06820853787881347,
      "conflict": 0.48797223845432
    }
  },
  "social": {
    "connection": 1.0,
    "attunement": -0.9778481493541199,
    "trust": 0.16237400000002217,
    "protest": -0.005400524567239468,
    "repair": 0.0
  },
  "attachment": {
    "secure": 0.0,
    "anxious": 9.170848129534762e-05,
    "avoidant": 0.0
  },
  "interaction_count": 50
}