{
  "tick_count": 471604,
  "timestamp": "2026-04-12T07:53:23.254793",
  "autonomic": {
    "arousal": -0.09964424376225649,
    "fatigue": 0.09237834739522008,
    "temperature": -0.5153405723261629
  },
  "limbic": {
    "valence": 0.9232970279527876,
    "emotional_memory": 0.7574834784552226,
    "approach_avoid": 0.863795862971845
  },
  "cortical": {
    "left": {
      "prediction": 1.0,
      "confidence": 1.0,
      "surprise": 0.5423290268669035,
      "soc_firing": false
    },
    "right": {
      "prediction": 1.0,
      "confidence": 1.0,
      "surprise": 0.14437803755002213,
      "soc_firing": false
    },
    "cc": {
      "left_to_right": 0.49180066979114245,
      "right_to_left": 0.14437803755002213,
      "conflict": 0.34742263224112035
    }
  },
  "social": {
    "connection": 1.0,
    "attunement": -0.986612193823034,
    "trust": 0.20696400000006646,
    "protest": -0.0056497368414862555,
    "repair": 0.0
  },
  "attachment": {
    "secure": 0.0,
    "anxious": 3.001022329252809e-22,
    "avoidant": 0.0
  },
  "interaction_count": 50
}