{
  "tick_count": 2571,
  "timestamp": "2026-04-11T15:38:01.998992",
  "autonomic": {
    "arousal": 1.0,
    "fatigue": 0.9999560328950441,
    "temperature": -0.47623644476656524
  },
  "limbic": {
    "valence": 0.5351030945085922,
    "emotional_memory": 0.3933055169812931,
    "approach_avoid": 0.5101409872559413
  },
  "cortical": {
    "left": {
      "prediction": 1.0,
      "confidence": -1.0,
      "surprise": 6.774016367855081e-05,
      "soc_firing": false
    },
    "right": {
      "prediction": 0.22446965584841438,
      "confidence": -1.0,
      "surprise": 0.00027822727049213865,
      "soc_firing": false
    },
    "cc": {
      "left_to_right": 0.0,
      "right_to_left": 0.0,
      "conflict": 0.0
    }
  },
  "social": {
    "connection": 0.9902493567142039,
    "attunement": 0.0033660255134463695,
    "trust": 0.006549999999999986,
    "protest": -0.03375589967096972,
    "repair": 0.0
  },
  "attachment": {
    "secure": 0.0,
    "anxious": 0.008255063145984315,
    "avoidant": 0.0
  },
  "interaction_count": 33
}