{
  "tick_count": 30836,
  "timestamp": "2026-04-11T17:49:50.985455",
  "autonomic": {
    "arousal": -0.032141598754802096,
    "fatigue": 0.22503685340179824,
    "temperature": -0.6181396231701124
  },
  "limbic": {
    "valence": 0.999998752807531,
    "emotional_memory": 0.9999964051989285,
    "approach_avoid": 0.999998332989366
  },
  "cortical": {
    "left": {
      "prediction": 1.0,
      "confidence": 0.5986583148306652,
      "surprise": 0.0004990693721251156,
      "soc_firing": false
    },
    "right": {
      "prediction": 0.0925572943025359,
      "confidence": -0.17469873955664825,
      "surprise": 0.0011828458468172633,
      "soc_firing": false
    },
    "cc": {
      "left_to_right": 0.0004990693721251156,
      "right_to_left": 0.0011828458468172633,
      "conflict": 0.0006837764746921477
    }
  },
  "social": {
    "connection": 1.0,
    "attunement": 0.01720634684743057,
    "trust": 0.1402340000000016,
    "protest": -0.004860944266892839,
    "repair": 0.0
  },
  "attachment": {
    "secure": 0.0,
    "anxious": 0.0064464354778602665,
    "avoidant": 0.0
  },
  "interaction_count": 50
}