{
  "tick_count": 3508,
  "timestamp": "2026-04-11T15:48:37.270790",
  "autonomic": {
    "arousal": 1.0,
    "fatigue": 0.3866334744065009,
    "temperature": -0.38758972891369803
  },
  "limbic": {
    "valence": 0.8113336778433682,
    "emotional_memory": 0.5613082294092061,
    "approach_avoid": 0.685230247554322
  },
  "cortical": {
    "left": {
      "prediction": 1.0,
      "confidence": -0.95,
      "surprise": 0.0012629207525603362,
      "soc_firing": false
    },
    "right": {
      "prediction": 0.21892801590011066,
      "confidence": -0.97,
      "surprise": 0.02319053861002696,
      "soc_firing": false
    },
    "cc": {
      "left_to_right": 0.0,
      "right_to_left": 0.0,
      "conflict": 0.0
    }
  },
  "social": {
    "connection": 1.0,
    "attunement": 0.012352019541174467,
    "trust": 0.010017999999999947,
    "protest": -0.04424898642664571,
    "repair": 0.0
  },
  "attachment": {
    "secure": 0.0,
    "anxious": 0.010590289503706787,
    "avoidant": 0.0
  },
  "interaction_count": 50
}