{
  "tick_count": 30416,
  "timestamp": "2026-04-11T17:47:04.482325",
  "autonomic": {
    "arousal": 0.07375109027611694,
    "fatigue": 0.2107730359730108,
    "temperature": -0.60239050114469
  },
  "limbic": {
    "valence": 0.9999980456965022,
    "emotional_memory": 0.9999956705376553,
    "approach_avoid": 0.9999976764112092
  },
  "cortical": {
    "left": {
      "prediction": 1.0,
      "confidence": -0.015732187572262864,
      "surprise": 0.0002655129715991988,
      "soc_firing": false
    },
    "right": {
      "prediction": 0.10113281954243308,
      "confidence": -0.395732187572263,
      "surprise": 0.0004678923811452599,
      "soc_firing": false
    },
    "cc": {
      "left_to_right": 0.0002655129715991988,
      "right_to_left": 0.0004678923811452599,
      "conflict": 0.0002023794095460611
    }
  },
  "social": {
    "connection": 1.0,
    "attunement": 0.013965649057445174,
    "trust": 0.13852400000000065,
    "protest": -0.0044638851720404295,
    "repair": 0.0
  },
  "attachment": {
    "secure": 0.0,
    "anxious": 0.006101607324039293,
    "avoidant": 0.0
  },
  "interaction_count": 50
}