{
  "tick_count": 474138,
  "timestamp": "2026-04-12T08:07:00.703479",
  "autonomic": {
    "arousal": -0.2983871664887369,
    "fatigue": 0.09200329737482661,
    "temperature": -0.47078509428088045
  },
  "limbic": {
    "valence": 0.9067124884622662,
    "emotional_memory": 0.7608066129355594,
    "approach_avoid": 0.8631272968849435
  },
  "cortical": {
    "left": {
      "prediction": 1.0,
      "confidence": 1.0,
      "surprise": 0.6813081546964959,
      "soc_firing": false
    },
    "right": {
      "prediction": 1.0,
      "confidence": 1.0,
      "surprise": 0.00311703150652664,
      "soc_firing": false
    },
    "cc": {
      "left_to_right": 0.6261722107624235,
      "right_to_left": 0.00311703150652664,
      "conflict": 0.6230551792558968
    }
  },
  "social": {
    "connection": 1.0,
    "attunement": -0.999,
    "trust": 0.20959400000006814,
    "protest": -0.004486316755819527,
    "repair": 0.0
  },
  "attachment": {
    "secure": 0.0,
    "anxious": 0.0058252723742740565,
    "avoidant": 0.0
  },
  "interaction_count": 50
}